Nom,Prenom,E-mail,Numéro Téléphone,Region,Pays
Harlan,Hodges,eu.dolor@protonmail.ca,02 91 55 86 72,Risaralda,Netherlands
Garrison,Conrad,adipiscing.non.luctus@protonmail.edu,02 85 13 69 32,Västra Götalands län,Pakistan
Clark,Irwin,nunc.sollicitudin@aol.net,08 14 68 69 76,Champagne-Ardenne,India
Chastity,Grimes,enim@outlook.org,06 52 08 58 71,Orkney,Pakistan
Logan,Levine,leo.morbi@hotmail.couk,05 77 13 44 78,Amazonas,New Zealand
Hayes,Ochoa,vel.est@aol.couk,04 93 19 56 22,Kyiv oblast,Pakistan
Drake,Roberson,in.lobortis@icloud.edu,04 49 14 72 05,Bihar,Belgium
Joseph,Middleton,posuere@protonmail.couk,03 35 64 05 15,Northern Cape,South Africa
Cameron,Levy,massa.integer.vitae@icloud.com,04 81 46 65 85,Midi-Pyrénées,Poland
Xyla,Freeman,sed@protonmail.net,05 27 85 62 18,Goa,Italy
Rina,Valdez,et.magna@outlook.com,07 24 02 28 31,Galicia,Colombia
Gretchen,Ball,sed.dui@icloud.com,03 19 21 62 20,North Sumatra,Turkey
Hammett,Boyer,blandit.mattis@yahoo.org,09 78 42 83 52,Navarra,Singapore
Jeremy,Velazquez,duis.cursus@protonmail.couk,08 24 01 74 77,Guaviare,Peru
Ronan,Chan,nisl.arcu@icloud.edu,06 61 55 14 92,Chhattisgarh,Turkey
Dara,Wilson,ipsum.dolor@google.edu,02 12 31 51 58,North Sulawesi,Norway
Frances,Woods,neque@protonmail.ca,06 84 23 76 52,Euskadi,Austria
Lacey,Noble,orci.luctus@google.net,03 10 15 75 28,Clackmannanshire,Costa Rica
Lev,Combs,dolor.egestas.rhoncus@aol.edu,07 17 22 65 61,Lombardia,Philippines
Carissa,Irwin,maecenas@aol.org,09 43 57 54 53,Xīběi,Costa Rica